{
  "K": 900,
  "threshold": 3.274776320956803e-05,
  "nu": 1.6366034289959296e-06,
  "max_iter": 300,
  "rollout_mse": 666666695266.5275,
  "coeff_nrmse": null
}