{
  "K": 800,
  "threshold": 0.057735848361556104,
  "nu": 1.9866034838304334e-06,
  "max_iter": 300,
  "rollout_mse": 1.0123979564840468,
  "coeff_nrmse": 1.1740962932364385
}