{
  "dt": 0.3,
  "polyorder": 3,
  "tuned": true,
  "best_coeff_nrmse": 4560801255982.248,
  "best_rollout_mse": 0.0042550818222762184,
  "K": 400,
  "threshold": 0.07216067327751963,
  "nu": 0.05933564837205406,
  "max_iter": 300
}