{
  "K": 400,
  "threshold": 0.07216067327751963,
  "nu": 0.05933564837205406,
  "max_iter": 300,
  "rollout_mse": 0.0042550818222762184,
  "coeff_nrmse": 4560801255982.248
}