delta_t,nrmse,mse
0.1,0.015726985336382684,0.2945172294138457
0.2,0.03410763406180554,1.7390097867627814
0.3,0.07150519261652306,7.730863208632108
0.4,0.17160986128321845,30.96598465356786
