delta_t,nrmse,mse
0.1,0.01647107216657471,0.30159194864277866
0.2,0.035559988289480246,1.771264252374402
0.3,0.07033716951880045,7.714584384256739
0.4,0.16952255892424486,30.786128606659286
