EDMD,SINDy,HANDI,PSE,gEDMD,wSINDy,SR3
0,1.29370092e-02,9.94399052e-01,0,0,1.79455339e-01,1.29368945e-02
