EDMD,SINDy,HANDI,PSE,gEDMD,wSINDy,SR3
inf,8.63565402e-01,4.90017886e-03,8.74883782e-01,inf,7.17881216e-01,8.63565502e-01
