Method,MSE_Average
SINDy,1.03810388e-01
HANDI,8.85799464e-06
PSE,5.21234860e-02
gEDMD,1.23314399e-01
SR3,1.03883634e-01
