Method,r2_Average
SINDy,-1.67871694e+00
HANDI,9.99778725e-01
PSE,-1.31022976e-01
gEDMD,-2.24080773e+00
SR3,-1.68001641e+00
