Method,NPPI_Average
SINDy,2.28677125e-01
HANDI,9.99845232e-01
PSE,6.62167558e-01
gEDMD,6.29818219e-02
SR3,2.28355446e-01
