Method,MSE_Average
SINDy,1.19428123e-01
HANDI,1.00047421e-05
PSE,8.10500694e-02
gEDMD,1.35756328e-01
SR3,1.19531549e-01
