Method,MSE_Average
SINDy,1.52156645e-01
HANDI,9.78974136e-06
PSE,1.19727411e-01
gEDMD,1.67288389e-01
SR3,1.52323434e-01
