Method,NRMSE
SINDy,2.41579233e+00
HANDI,8.27832135e-02
PSE,1.47318896e+00
gEDMD,1.38118022e+01
SR3,2.42245452e+00
