Method,MSE_Average
SINDy,9.44528698e-02
HANDI,7.80225708e-06
PSE,3.98804235e-02
gEDMD,1.14272466e-01
SR3,9.44986900e-02
