EDMD,SINDy,HANDI,PSE,gEDMD,wSINDy,SR3
1.00000000e+03,7.98795319e-02,5.39217321e-03,1.47853766e+01,1.00000000e+03,1.55928261e+01,2.22553440e-01
1.00000000e+03,3.75943737e-03,4.52906281e-03,3.66232984e+00,1.00000000e+03,1.22957604e+01,9.28713277e-03
