Method,NRMSE
EDMD,4.89226842e+01
SINDy,2.88154392e-01
HANDI,5.55568177e-02
PSE,1.17417981e+00
gEDMD,1.64845067e+04
wSINDy,1.29524002e+00
SR3,4.29659683e-01
