Method,mean_MSE
EDMD,1.00000000e+03
SINDy,4.18194846e-02
HANDI,4.96061801e-03
PSE,9.22385322e+00
gEDMD,1.00000000e+03
wSINDy,1.39442932e+01
SR3,1.15920286e-01
