Method,NRMSE
EDMD,2.94102000e-01
SINDy,1.08353910e-01
HANDI,2.43535803e-02
PSE,2.73861279e-01
gEDMD,1.65993404e-01
wSINDy,3.90686426e-02
SR3,1.22126629e-01
