Method,MSE_Average
EDMD,1.42286969e+00
SINDy,2.24058659e-01
HANDI,2.82461868e-02
PSE,1.69865760e+01
gEDMD,3.75314215e-01
wSINDy,6.53089013e-02
SR3,2.73657748e-01
