Method,NPPI_Average
EDMD,9.94938295e-01
SINDy,9.98336642e-01
HANDI,9.99792638e-01
PSE,6.58477009e-01
gEDMD,9.98697166e-01
wSINDy,9.99785813e-01
SR3,9.98808401e-01
