delta_t,nrmse,mse
0.35,0.14969470232051493,13.750248139918087
