delta_t,nrmse,mse
0.1,0.01648287015518885,0.3050394960323615
0.2,0.03562763291412375,1.7663145927183488
0.3,0.07152935907020361,7.732235444110814
0.4,0.17161404830056967,30.965060199874703
