{
  "K": 100,
  "threshold": 0.0014674748091430187,
  "nu": 0.3039157391850186,
  "max_iter": 300,
  "rollout_mse": 5.920551545818143,
  "coeff_nrmse": 323047644336.41406
}