Method,NPPI_Average
EDMD,8.12679785e-01
SINDy,9.45123272e-03
HANDI,9.99966232e-01
PSE,6.89039138e-02
gEDMD,5.34544412e-01
wSINDy,9.99635831e-01
SR3,9.42675751e-03
