Method,MSE_Average
EDMD,1.27618435e-01
SINDy,1.00248211e+00
HANDI,3.13655326e-05
PSE,9.41478048e-01
gEDMD,4.70827745e-01
wSINDy,3.89787555e-04
SR3,1.00247267e+00
