Method,MSE_Average
EDMD,3.53526938e-02
SINDy,9.50728751e-01
HANDI,2.88425203e-05
PSE,8.23817585e-01
gEDMD,3.25206139e-01
wSINDy,1.12878607e-04
SR3,9.50580739e-01
