Method,NRMSE
EDMD,1.68497516e-01
SINDy,4.14420189e-01
HANDI,1.47884375e-02
PSE,5.57773351e-01
gEDMD,7.07344529e+00
wSINDy,1.63158443e-02
SR3,4.13869227e-01
