Method,MSE_Average
EDMD,7.37413464e-02
SINDy,9.23050196e-01
HANDI,2.20157956e-05
PSE,9.30881079e-01
gEDMD,4.56241605e-01
wSINDy,2.51158779e-04
SR3,9.23041406e-01
