Method,NRMSE
EDMD,3.36913062e-02
SINDy,3.31052397e-01
HANDI,6.66436775e-03
PSE,2.98142397e-01
gEDMD,5.10845748e+00
wSINDy,3.82077174e-03
SR3,3.30709458e-01
