Method,MSE_Average
EDMD,1.37495661e-03
SINDy,1.13980620e+00
HANDI,1.33960271e-05
PSE,1.12580081e+00
gEDMD,4.29736741e-01
wSINDy,1.39016892e-05
SR3,1.13981673e+00
