Method,NPPI_Average
EDMD,9.98413406e-01
SINDy,3.40893714e-03
HANDI,9.99920172e-01
PSE,4.24918626e-02
gEDMD,4.97972826e-01
wSINDy,9.99867540e-01
SR3,3.42132072e-03
