{
  "K": 800,
  "threshold": 0.08574380019179598,
  "nu": 8.957866705979336e-05,
  "max_iter": 300,
  "rollout_mse": 666667350600.9716,
  "coeff_nrmse": null
}