{
  "dt": 0.1,
  "polyorder": 5,
  "tuned": true,
  "best_coeff_nrmse": 7.041232936101727e-06,
  "best_rollout_mse": 0.0010782864447880327,
  "K": 400,
  "threshold": 0.00015747177631739005,
  "nu": 1.7010537664622922e-05,
  "max_iter": 300
}