{
  "K": 400,
  "threshold": 0.00015747177631739005,
  "nu": 1.7010537664622922e-05,
  "max_iter": 300,
  "rollout_mse": 0.0010782845734382182,
  "coeff_nrmse": 7.019816545293375e-06
}