{
  "dt": 0.8,
  "polyorder": 7,
  "tuned": true,
  "best_coeff_nrmse": 95.57370305875622,
  "best_rollout_mse": 726091959567.5591,
  "K": 100,
  "threshold": 0.06611552255985856,
  "nu": 2.0296642301764347e-05,
  "max_iter": 300
}