{
  "K": 100,
  "threshold": 0.06611552255985856,
  "nu": 2.0296642301764347e-05,
  "max_iter": 300,
  "rollout_mse": 728850578636.597,
  "coeff_nrmse": 91.94866911323301
}