{
  "K": 400,
  "threshold": 0.019564960077111122,
  "nu": 3.699663242688405e-06,
  "max_iter": 300,
  "rollout_mse": 0.005478184513355569,
  "coeff_nrmse": 0.0009144483126834169
}