{
  "K": 100,
  "threshold": 5.653341864318374e-05,
  "nu": 3.4383056810838664e-06,
  "max_iter": 300,
  "rollout_mse": 0.05769816738595057,
  "coeff_nrmse": 103519439804.53984
}