{
  "K": 100,
  "threshold": 0.07694454102714776,
  "nu": 1.4251428747896348e-06,
  "max_iter": 300,
  "rollout_mse": 0.3719250151664235,
  "coeff_nrmse": 1.0052356378798004
}