{
  "K": 500,
  "threshold": 0.033112950509528234,
  "nu": 3.755344160194292e-05,
  "max_iter": 300,
  "rollout_mse": 0.0002134468101481726,
  "coeff_nrmse": 528434204263.07166
}