{
  "K": 300,
  "threshold": 0.0019733686082985045,
  "nu": 0.08914462794809576,
  "max_iter": 300,
  "rollout_mse": 0.002120929696548978,
  "coeff_nrmse": 438387114403.5018
}