{
  "K": 700,
  "threshold": 0.09809800210951529,
  "nu": 5.545186539673427e-05,
  "max_iter": 300,
  "rollout_mse": 999542149574.3043,
  "coeff_nrmse": 7.3821771722839795
}