Method,NPPI_Average
SINDy,8.34556733e-01
HANDI,9.99998770e-01
PSE,9.06697553e-01
gEDMD,7.75925423e-01
SR3,8.34749109e-01
