Method,r2_Average
SINDy,-1.02873078e+00
HANDI,9.99984922e-01
PSE,-1.44111508e-01
gEDMD,-1.74769109e+00
SR3,-1.02637179e+00
