Method,MSE_Average
SINDy,1.20347085e-01
HANDI,1.08449862e-06
PSE,8.18020894e-02
gEDMD,1.74499070e-01
SR3,1.20855151e-01
