Method,MSE_Average
SINDy,1.61602553e-01
HANDI,1.71604390e-06
PSE,1.24122538e-01
gEDMD,2.20231555e-01
SR3,1.62428245e-01
