Method,MSE_Average
SINDy,1.16061447e-01
HANDI,8.62622005e-07
PSE,6.54533555e-02
gEDMD,1.57192372e-01
SR3,1.15926492e-01
