Method,NRMSE
SINDy,1.80451045e+00
HANDI,1.42875870e-02
PSE,3.36367146e-01
gEDMD,6.28381552e+00
SR3,1.89583741e+00
