Method,MSE_Average
SINDy,7.19744515e-02
HANDI,2.80361302e-06
PSE,7.08415136e-02
gEDMD,1.55516009e-01
SR3,7.25946147e-02
