Method,r2_Average
EDMD,-9.93392649e-02
SINDy,9.76148526e-01
HANDI,9.98813505e-01
PSE,-2.01217520e+01
gEDMD,6.91701816e-01
wSINDy,9.99986222e-01
SR3,9.48459329e-01
