Method,valid_rate
EDMD,1.20000000e-01
SINDy,1.00000000e+00
HANDI,1.00000000e+00
PSE,1.00000000e+00
gEDMD,9.30000000e-01
wSINDy,1.00000000e+00
SR3,1.00000000e+00
