Method,MSE_Average
EDMD,1.46986271e+00
SINDy,4.87864131e-02
HANDI,2.18577453e-03
PSE,2.36661933e+01
gEDMD,5.96036713e-01
wSINDy,2.34194236e-05
SR3,7.26064988e-02
