Method,NPPI_Average
EDMD,1.18205818e-01
SINDy,9.99701136e-01
HANDI,9.99983114e-01
PSE,6.91863890e-01
gEDMD,9.28783775e-01
wSINDy,9.99997456e-01
SR3,9.99411782e-01
