Method,NRMSE
EDMD,7.86836181e-02
SINDy,4.69004064e-02
HANDI,4.85824445e-03
PSE,2.73861279e-01
gEDMD,1.06479167e-01
wSINDy,2.15605195e-03
SR3,8.34256763e-02
