Method,MSE_Average
EDMD,2.14741093e-02
SINDy,1.06466627e-02
HANDI,2.95440945e-05
PSE,1.93589909e+00
gEDMD,2.37421045e-02
wSINDy,1.30919150e-06
SR3,1.13064066e-02
