EDMD,SINDy,HANDI,PSE,gEDMD,wSINDy,SR3
1.00000000e+03,4.24063174e-03,9.23489150e-02,3.01931113e+00,2.57775863e+01,1.00000000e+03,1.00000000e+03
1.00000000e+03,1.00000000e+03,9.51310619e-02,7.58105845e+01,2.32337911e+02,7.87413445e+01,1.87611099e-01
