Method,NRMSE
EDMD,2.28431758e+03
SINDy,7.03557726e+00
HANDI,3.78272286e-01
PSE,3.11953313e+00
gEDMD,5.38021887e-01
wSINDy,1.75848325e+01
SR3,1.39528455e+00
