Method,mean_MSE
EDMD,1.00000000e+03
SINDy,5.00002120e+02
HANDI,9.37399884e-02
PSE,3.94149478e+01
gEDMD,1.29057749e+02
wSINDy,5.39370672e+02
SR3,5.00093806e+02
