{
  "dt": 0.3,
  "polyorder": 2,
  "tuned": true,
  "best_coeff_nrmse": 1953937824895.7827,
  "best_rollout_mse": 909097726480.8318,
  "K": 200,
  "threshold": 0.004998490532168529,
  "nu": 7.78277516177097e-06,
  "max_iter": 300
}