{
  "K": 200,
  "threshold": 0.004998490532168529,
  "nu": 7.78277516177097e-06,
  "max_iter": 300,
  "rollout_mse": 909097726480.8318,
  "coeff_nrmse": 1953937824895.7827
}