Method,MSE_Average
SINDy,9.77283765e-06
HANDI,1.75901289e-08
PSE,1.71633966e-13
gEDMD,1.11419359e-03
SR3,6.70445551e-06
