Method,r2_Average
SINDy,9.98305808e-01
HANDI,9.99999042e-01
PSE,1.00000000e+00
gEDMD,9.89987035e-01
SR3,9.98161219e-01
