Method,MSE_Average
SINDy,3.70544616e-05
HANDI,4.26522080e-08
PSE,1.97056723e-13
gEDMD,1.29257561e-03
SR3,3.21816750e-05
