Method,NPPI_Average
SINDy,9.90937684e-01
HANDI,9.99994875e-01
PSE,1.00000000e+00
gEDMD,9.46440153e-01
SR3,9.90164271e-01
