Method,NRMSE
SINDy,8.45535538e-02
HANDI,2.12248839e-04
PSE,0.00000000e+00
gEDMD,3.36144353e-01
SR3,1.18492389e-01
