Method,MSE_Average
SINDy,1.24893076e-04
HANDI,8.95564851e-08
PSE,1.60397239e-13
gEDMD,1.33525182e-03
SR3,1.30762178e-04
