Method,MSE_Average
SINDy,2.36925110e-04
HANDI,1.33986406e-07
PSE,1.34290438e-13
gEDMD,1.40026824e-03
SR3,2.57145222e-04
