Method,NRMSE
EDMD,1.65053897e-01
SINDy,5.72429924e-01
HANDI,3.98820605e-02
PSE,8.29993307e-01
gEDMD,1.07371558e+01
wSINDy,4.83674788e-01
SR3,5.72277599e-01
