Method,MSE_Average
EDMD,1.18285690e-02
SINDy,9.55885478e-01
HANDI,7.14973594e-05
PSE,9.24055674e-01
gEDMD,4.43792708e-01
wSINDy,5.99048684e-01
SR3,9.55887416e-01
