Method,C1_Count,C1_Percentage,C2_Count,C2_Percentage,ACR_Count,ACR_Percentage
HANDI,100,1.00000000,100,1.00000000,100,1.00000000
ablationA,100,1.00000000,100,1.00000000,100,1.00000000
ortho,100,1.00000000,100,1.00000000,100,1.00000000
