{
  "K": 500,
  "threshold": 0.00523404138544506,
  "nu": 1.032268376524001e-05,
  "max_iter": 300,
  "rollout_mse": 1.319511240386474,
  "coeff_nrmse": 0.05308387602869072
}