{
  "K": 600,
  "threshold": 0.0022951097003701105,
  "nu": 0.0001903476657575472,
  "max_iter": 300,
  "rollout_mse": 909127530359.709,
  "coeff_nrmse": 1904148795139.5369
}