{
  "dt": 2.25,
  "polyorder": 2,
  "tuned": true,
  "best_coeff_nrmse": 2449962641476.8726,
  "best_rollout_mse": 0.012219374727857371,
  "K": 100,
  "threshold": 0.0019846180664845384,
  "nu": 0.01087748730093939,
  "max_iter": 300
}