{
  "K": 100,
  "threshold": 0.0005374945995441179,
  "nu": 0.0005422237303757889,
  "max_iter": 300,
  "rollout_mse": 951434879254.1519,
  "coeff_nrmse": 279142181983524.5
}