EDMD,SINDy,HANDI,PSE,gEDMD,wSINDy,SR3
1.00000000e+03,4.40458037e-04,9.73672479e-05,1.25457400e-02,1.00000000e+03,2.44257187e-03,4.31343603e-04
1.00000000e+03,6.61403829e-04,1.86405833e-04,2.56553815e-04,1.00000000e+03,1.54633257e-04,3.68112572e-05
