Method,mean_MSE
EDMD,1.00000000e+03
SINDy,5.50930933e-04
HANDI,1.41886540e-04
PSE,6.40114692e-03
gEDMD,1.00000000e+03
wSINDy,1.29860256e-03
SR3,2.34077430e-04
