Method,NRMSE
EDMD,5.22310181e+05
SINDy,8.08537683e-01
HANDI,5.67196849e-02
PSE,1.37433298e+02
gEDMD,8.00313509e+08
wSINDy,8.38626328e-01
SR3,7.99951018e-01
