{
  "dt": 0.2,
  "polyorder": 5,
  "tuned": true,
  "best_coeff_nrmse": 0.15853900181335281,
  "best_rollout_mse": 0.10706539523706653,
  "K": 1000,
  "threshold": 0.06118878977972191,
  "nu": 0.020898601870307797,
  "max_iter": 300
}