{
  "dt": 0.3,
  "polyorder": 2,
  "tuned": true,
  "best_coeff_nrmse": 630603472874.4508,
  "best_rollout_mse": 0.013953556002806951,
  "K": 300,
  "threshold": 4.3822104166641175e-05,
  "nu": 0.16352790271925027,
  "max_iter": 300
}