{
  "K": 100,
  "threshold": 0.017894349771912798,
  "nu": 8.34541641290913e-05,
  "max_iter": 300,
  "rollout_mse": 626932012865.1409,
  "coeff_nrmse": 48619572275455.63
}