Method,MSE_Average
EDMD,1.34344297e-06
SINDy,1.10269937e-02
HANDI,3.11850599e-07
PSE,9.92031302e-13
gEDMD,1.55074636e-01
wSINDy,2.44459683e-08
SR3,1.09955976e-02
