Method,MSE_Average
EDMD,2.61566122e-06
SINDy,5.12908752e-02
HANDI,2.61750453e-07
PSE,1.81249572e-12
gEDMD,1.91081109e-01
wSINDy,2.32727800e-08
SR3,5.12093425e-02
