Method,NRMSE
EDMD,1.48072805e-03
SINDy,8.29220246e-02
HANDI,2.56963986e-03
PSE,0.00000000e+00
gEDMD,5.88878374e-01
wSINDy,4.71485831e-04
SR3,8.16981187e-02
