Method,MSE_Average
EDMD,4.55949011e-06
SINDy,1.17712652e-01
HANDI,2.51796947e-07
PSE,3.07605429e-12
gEDMD,2.24337105e-01
wSINDy,2.35049007e-08
SR3,1.17611995e-01
