Method,C1_Count,C1_Percentage,C2_Count,C2_Percentage,ACR_Count,ACR_Percentage
EDMD,100,1.00000000,100,1.00000000,100,1.00000000
SINDy,100,1.00000000,100,1.00000000,100,1.00000000
HANDI,100,1.00000000,100,1.00000000,100,1.00000000
PSE,96,0.96000000,100,1.00000000,96,0.96000000
gEDMD,96,0.96000000,100,1.00000000,96,0.96000000
wSINDy,100,1.00000000,100,1.00000000,100,1.00000000
SR3,100,1.00000000,100,1.00000000,100,1.00000000
