{
  "K": 700,
  "threshold": 0.00028393819859959523,
  "nu": 0.0005336783236957176,
  "max_iter": 300,
  "rollout_mse": 0.6280240026474955,
  "coeff_nrmse": 1299186572348.4111
}