{
    "K": 650,
    "threshold": 0.001189123,
    "nu": 0.2527915,
    "polyorder": 3,
    "dt": 0.03,
    "mse": 2.13942329218347732
}