{
  "K": 700,
  "threshold": 0.04623596730533508,
  "nu": 0.9449449173833349,
  "max_iter": 300,
  "rollout_mse": 999943911469.4596,
  "coeff_nrmse": 7.165026516234841
}