{
  "K": 200,
  "threshold": 4.0808211470042276e-05,
  "nu": 0.013273868460766537,
  "max_iter": 300,
  "rollout_mse": 3.414708574747324e-05,
  "coeff_nrmse": 554067185781.9708
}