{
  "K": 500,
  "threshold": 0.0001136079959996745,
  "nu": 1.0345498757179717e-05,
  "max_iter": 300,
  "rollout_mse": 0.08444021434685096,
  "coeff_nrmse": 7.333780558252662
}