{
  "K": 800,
  "threshold": 0.0332360088387102,
  "nu": 0.0015819511365604193,
  "max_iter": 300,
  "rollout_mse": 0.023940526924073703,
  "coeff_nrmse": 2.0262855486160824e-05
}