EDMD,SINDy,HANDI,PSE,gEDMD,wSINDy,SR3
1.00000000e+03,4.95068947e-02,1.62885418e-03,6.74701110e+01,1.00000000e+03,1.37201473e-02,1.98878140e-01
1.00000000e+03,2.03275693e-03,1.75230353e-03,9.78989069e+01,1.00000000e+03,5.60226660e-04,8.10430237e-03
