Method,NRMSE
EDMD,1.17865235e+02
SINDy,2.32921495e-01
HANDI,2.70389244e-03
PSE,1.17417981e+00
gEDMD,2.42074422e+02
wSINDy,1.58129012e-01
SR3,4.11277769e-01
