Method,mean_MSE
EDMD,1.00000000e+03
SINDy,2.57698258e-02
HANDI,1.69057885e-03
PSE,8.26845090e+01
gEDMD,1.00000000e+03
wSINDy,7.14018698e-03
SR3,1.03491221e-01
