Method,NRMSE
SINDy,1.97072744e+00
HANDI,2.85486840e-02
PSE,7.41812452e-01
gEDMD,1.50882267e+01
SR3,2.00987486e+00
