Method,r2_Average
SINDy,-1.32580446e+00
HANDI,9.99908345e-01
PSE,-7.48169421e-02
gEDMD,-1.69292788e+00
SR3,-1.32112975e+00
