Method,MSE_Average
SINDy,1.01858158e-01
HANDI,4.01400301e-06
PSE,4.70714009e-02
gEDMD,1.17936258e-01
SR3,1.01653430e-01
