Method,NPPI_Average
SINDy,2.18081710e-01
HANDI,9.99969186e-01
PSE,6.38654479e-01
gEDMD,9.46575281e-02
SR3,2.19653312e-01
