Method,MSE_Average
SINDy,1.09528158e-01
HANDI,4.87363766e-06
PSE,6.21960538e-02
gEDMD,1.25197285e-01
SR3,1.09305301e-01
