Method,MSE_Average
SINDy,1.48935123e-01
HANDI,7.59487414e-06
PSE,1.27861295e-01
gEDMD,1.61278348e-01
SR3,1.48688801e-01
