Method,MSE_Average
SINDy,1.34213968e-01
HANDI,6.41283939e-06
PSE,9.37130542e-02
gEDMD,1.49839499e-01
SR3,1.34098546e-01
