{
  "K": 400,
  "threshold": 0.08893809985146811,
  "nu": 0.022300964092096788,
  "max_iter": 300,
  "rollout_mse": 0.13139408816339113,
  "coeff_nrmse": 6.004181236635882
}