EDMD,SINDy,HANDI,PSE,gEDMD,wSINDy,SR3
1.00000000e+03,7.06456680e-04,4.69957152e-04,1.23295793e-01,1.00000000e+03,5.05328660e-02,6.84539895e-04
1.00000000e+03,1.25232861e-03,6.88939539e-04,3.83325466e-04,1.00000000e+03,6.69518138e-04,4.98873243e-05
