Method,NRMSE
EDMD,5.41350148e+03
SINDy,8.25034412e-01
HANDI,3.71369103e-02
PSE,1.42103059e+01
gEDMD,9.28909773e+06
wSINDy,1.01201835e+00
SR3,8.13875528e-01
