Method,mean_MSE
EDMD,1.00000000e+03
SINDy,9.79392647e-04
HANDI,5.79448345e-04
PSE,6.18395592e-02
gEDMD,1.00000000e+03
wSINDy,2.56011921e-02
SR3,3.67213610e-04
