{
  "K": 200,
  "threshold": 0.0012388003583134204,
  "nu": 1.4722726691393586e-05,
  "max_iter": 300,
  "rollout_mse": 0.0011498475199288897,
  "coeff_nrmse": 61323329227719.99
}