{
  "K": 100,
  "threshold": 0.00011526599297233804,
  "nu": 0.17741891143212984,
  "max_iter": 300,
  "rollout_mse": 0.0035617569694885174,
  "coeff_nrmse": 4614129894610.492
}