{
  "K": 400,
  "threshold": 7.478180906027376e-05,
  "nu": 0.2766239518663277,
  "max_iter": 300,
  "rollout_mse": 0.004223695826949688,
  "coeff_nrmse": 4622204731796.53
}