Method,mean_MSE
EDMD,3.01727651e-02
SINDy,3.06508155e-03
HANDI,8.82371648e-05
PSE,3.61584041e-03
gEDMD,1.00000000e+03
wSINDy,2.61111851e-02
SR3,1.96169017e-03
