Method,NRMSE
EDMD,4.28805075e+00
SINDy,1.27362499e+00
HANDI,5.76498662e-01
PSE,1.00895426e+00
gEDMD,5.03663141e+03
wSINDy,1.08935435e+01
SR3,5.11599441e-01
