EDMD,SINDy,HANDI,PSE,gEDMD,wSINDy,SR3
2.45088159e-02,7.80505637e-04,2.96872650e-05,9.54055108e-04,1.00000000e+03,8.76536272e-04,1.35002531e-03
3.58367142e-02,5.34965746e-03,1.46787065e-04,6.27762570e-03,1.00000000e+03,5.13458339e-02,2.57335503e-03
