Method,NRMSE
EDMD,8.21832046e-02
SINDy,5.29346137e-01
HANDI,1.37388651e-02
PSE,4.47213595e-01
gEDMD,9.14004215e+00
wSINDy,7.89549029e-02
SR3,5.28717136e-01
