Method,NPPI_Average
EDMD,5.49124369e-01
SINDy,6.90914069e-02
HANDI,9.99926903e-01
PSE,9.20670517e-03
gEDMD,5.45050458e-01
wSINDy,7.73443728e-01
SR3,6.90799041e-02
