Method,MSE_Average
EDMD,7.73220629e-02
SINDy,1.04753745e+00
HANDI,1.67495892e-05
PSE,1.04346435e+00
gEDMD,4.39291308e-01
wSINDy,2.90493813e-02
SR3,1.04754447e+00
