{
  "K": 400,
  "threshold": 0.0006169189192520397,
  "nu": 0.5599602512081266,
  "max_iter": 300,
  "rollout_mse": 909093762438.3263,
  "coeff_nrmse": 2004335396988.2673
}