Method,C1_Count,C1_Percentage,C2_Count,C2_Percentage,ACR_Count,ACR_Percentage
EDMD,99,0.99000000,99,0.99000000,99,0.99000000
SINDy,100,1.00000000,0,0.00000000,0,0.00000000
HANDI,100,1.00000000,100,1.00000000,100,1.00000000
PSE,100,1.00000000,0,0.00000000,0,0.00000000
gEDMD,0,0.00000000,0,0.00000000,0,0.00000000
wSINDy,64,0.64000000,64,0.64000000,64,0.64000000
SR3,100,1.00000000,0,0.00000000,0,0.00000000
