Method,Valid_rate
EDMD,1.00000000e+00
SINDy,0.00000000e+00
HANDI,1.00000000e+00
PSE,1.00000000e+00
gEDMD,0.00000000e+00
wSINDy,1.00000000e+00
SR3,5.00000000e-01
