Method,Valid_rate
EDMD,5.00000000e-01
SINDy,5.00000000e-01
HANDI,1.00000000e+00
PSE,5.00000000e-01
gEDMD,0.00000000e+00
wSINDy,1.00000000e+00
SR3,5.00000000e-01
