Method,MSE_Average
EDMD,2.47228587e-12
SINDy,1.20917804e-03
HANDI,8.05118225e-06
PSE,4.14106934e-01
gEDMD,5.73945539e-02
wSINDy,9.11053880e-08
SR3,2.28806703e-02
