Method,NRMSE
EDMD,1.25538692e+03
SINDy,7.30469452e+00
HANDI,1.30148749e-01
PSE,3.11953313e+00
gEDMD,5.36974647e-01
wSINDy,1.67682218e+01
SR3,1.34158335e+00
