Method,mean_MSE
EDMD,1.00000000e+03
SINDy,5.00000828e+02
HANDI,3.19805424e-02
PSE,3.94149478e+01
gEDMD,1.30220084e+02
wSINDy,5.39073242e+02
SR3,5.00087746e+02
