EDMD,SINDy,HANDI,PSE,gEDMD,wSINDy,SR3
1.00000000e+03,1.65624950e-03,4.81642077e-02,3.01931113e+00,2.58208415e+01,1.00000000e+03,1.00000000e+03
1.00000000e+03,1.00000000e+03,1.57968770e-02,7.58105845e+01,2.34619327e+02,7.81464833e+01,1.75492481e-01
