{
  "K": 700,
  "threshold": 0.08167931278260968,
  "nu": 0.0007166768623837775,
  "max_iter": 300,
  "rollout_mse": 0.15608839570501246,
  "coeff_nrmse": 6.971238932761711
}