{
  "K": 300,
  "threshold": 0.09907534537016184,
  "nu": 0.010308210041108181,
  "max_iter": 300,
  "rollout_mse": 0.05160418515113235,
  "coeff_nrmse": 0.12285855511571862
}