Method,NRMSE
EDMD,1.17015131e+03
SINDy,3.45905183e-01
HANDI,8.39959003e-03
PSE,1.17417981e+00
gEDMD,3.13185195e+05
wSINDy,1.27403526e+00
SR3,4.67520687e-01
