EDMD,SINDy,HANDI,PSE,gEDMD,wSINDy,SR3
1.00000000e+03,1.25338544e-01,9.90609576e-03,1.47853766e+01,1.00000000e+03,1.55470300e+01,2.79335087e-01
1.00000000e+03,8.34352572e-03,1.08029878e-02,3.66232984e+00,1.00000000e+03,1.13892527e+01,1.22311405e-02
