Method,mean_MSE
EDMD,1.00000000e+03
SINDy,6.68410348e-02
HANDI,1.03545418e-02
PSE,9.22385322e+00
gEDMD,1.00000000e+03
wSINDy,1.34681414e+01
SR3,1.45783114e-01
