{
  "dt": 2.0,
  "polyorder": 1,
  "tuned": true,
  "best_coeff_nrmse": 684925458318.1467,
  "best_rollout_mse": 0.00010783692167378826,
  "K": 1000,
  "threshold": 0.0017738177256701685,
  "nu": 4.745356829761576e-06,
  "max_iter": 300
}