{
  "K": 900,
  "threshold": 0.09730137870798852,
  "nu": 0.011966556845618145,
  "max_iter": 300,
  "rollout_mse": 0.10694039040884519,
  "coeff_nrmse": 0.14093102221800569
}