{
  "K": 200,
  "threshold": 0.009463817217202995,
  "nu": 1.9636051814887945e-06,
  "max_iter": 300,
  "rollout_mse": 0.04395345192673139,
  "coeff_nrmse": 0.002304590642449015
}