Method,C1_Count,C1_Percentage,C2_Count,C2_Percentage,C3_Count,C3_Percentage,ACR_Count,ACR_Percentage
EDMD,100,1.00000000,100,1.00000000,100,1.00000000,100,1.00000000
SINDy,4,0.04000000,100,1.00000000,100,1.00000000,4,0.04000000
HANDI,100,1.00000000,100,1.00000000,100,1.00000000,100,1.00000000
PSE,100,1.00000000,100,1.00000000,100,1.00000000,100,1.00000000
gEDMD,100,1.00000000,100,1.00000000,100,1.00000000,100,1.00000000
WSINDy,100,1.00000000,100,1.00000000,100,1.00000000,100,1.00000000
SR3,96,0.96000000,100,1.00000000,100,1.00000000,96,0.96000000
