{
  "K": 100,
  "threshold": 0.0001743338938708774,
  "nu": 1.5479128727163768e-06,
  "max_iter": 300,
  "rollout_mse": 0.7757859486201379,
  "coeff_nrmse": 9.117180739722174e-05
}