EDMD,SINDy,HANDI,PSE,gEDMD,wSINDy,SR3
1.00000000e+03,5.61011938e-04,1.21709591e-04,1.20413852e-01,1.00000000e+03,8.96569846e-03,5.45809842e-04
1.00000000e+03,9.19908602e-04,5.36853211e-05,3.17636623e-04,1.00000000e+03,3.24868038e-04,4.21208955e-05
