Method,NRMSE
EDMD,4.68778969e+05
SINDy,8.16608843e-01
HANDI,1.01685740e-01
PSE,3.50562458e+01
gEDMD,6.83992576e+07
wSINDy,9.06492218e-01
SR3,8.06687597e-01
