Method,mean_MSE
EDMD,1.00000000e+03
SINDy,7.40460270e-04
HANDI,8.76974561e-05
PSE,6.03657443e-02
gEDMD,1.00000000e+03
wSINDy,4.64528325e-03
SR3,2.93965369e-04
