{
  "K": 900,
  "threshold": 0.08730967692719804,
  "nu": 0.05183417649134363,
  "max_iter": 300,
  "rollout_mse": 985765799675.5333,
  "coeff_nrmse": 2.0474833132675134
}