Method,NRMSE
EDMD,2.14299834e+00
SINDy,1.14254094e+00
HANDI,5.19161212e-01
PSE,3.49219234e-01
gEDMD,4.43708378e+03
wSINDy,1.01959863e+01
SR3,5.01317462e-01
