Method,mean_MSE
EDMD,1.08506816e+00
SINDy,1.55554228e-03
HANDI,6.73142438e-05
PSE,1.65561217e-03
gEDMD,1.00000000e+03
wSINDy,5.00000630e+02
SR3,1.79615309e-03
