EDMD,SINDy,HANDI,PSE,gEDMD,wSINDy,SR3
1.14648433e+00,7.78142223e-04,2.83179475e-05,9.78167478e-04,1.00000000e+03,1.26044513e-03,1.04173421e-03
1.02365199e+00,2.33294234e-03,1.06310540e-04,2.33305687e-03,1.00000000e+03,1.00000000e+03,2.55057197e-03
