{
  "K": 1000,
  "threshold": 0.09044406935678816,
  "nu": 1.4208784534847647e-06,
  "max_iter": 300,
  "rollout_mse": 0.19158198330281234,
  "coeff_nrmse": 5.665724238748546
}