{
  "K": 700,
  "threshold": 0.09057101996720406,
  "nu": 0.0017791110792916,
  "max_iter": 300,
  "rollout_mse": 756666675909.4656,
  "coeff_nrmse": 509.54236951719685
}