{
  "K": 100,
  "threshold": 0.00312786623513748,
  "nu": 0.006373412881546393,
  "max_iter": 300,
  "rollout_mse": 16.805550404748786,
  "coeff_nrmse": 222563626336.25235
}