{
  "K": 600,
  "threshold": 0.0003549906434260173,
  "nu": 0.012558473874850363,
  "max_iter": 300,
  "rollout_mse": 0.7934400893020422,
  "coeff_nrmse": 0.011123500133610405
}