{
  "K": 200,
  "threshold": 0.004311992759062546,
  "nu": 0.052150646077862274,
  "max_iter": 300,
  "rollout_mse": 912123974050.795,
  "coeff_nrmse": 1807235687614.3596
}