Method,NRMSE
EDMD,4.07653360e-02
SINDy,6.66976113e-02
HANDI,9.27108764e-04
PSE,6.28539361e-02
gEDMD,1.63297858e-01
wSINDy,1.61420852e-04
SR3,7.15050769e-02
