Method,NPPI_Average
EDMD,8.71359137e-01
SINDy,9.04889716e-01
HANDI,9.99839361e-01
PSE,6.92397556e-01
gEDMD,8.25671679e-01
wSINDy,9.99960648e-01
SR3,9.31610538e-01
