{
  "dt": 0.1,
  "polyorder": 7,
  "tuned": true,
  "best_coeff_nrmse": 0.35411495029763407,
  "best_rollout_mse": 0.0010837028492170324,
  "K": 300,
  "threshold": 0.005913068338175026,
  "nu": 2.6278039555411034e-06,
  "max_iter": 300
}