{
  "dt": 0.6,
  "polyorder": 7,
  "tuned": true,
  "best_coeff_nrmse": 0.14046811896216868,
  "best_rollout_mse": 0.10751360521407165,
  "K": 900,
  "threshold": 0.09730137870798852,
  "nu": 0.011966556845618145,
  "max_iter": 300
}