Method,NRMSE
EDMD,5.07785491e+03
SINDy,7.87112433e-01
HANDI,9.51059351e-05
PSE,8.21466711e+00
gEDMD,2.60745219e+05
wSINDy,7.34867707e-01
SR3,7.82876090e-01
