Method,mean_MSE
EDMD,1.00000000e+03
SINDy,2.05710192e-04
HANDI,1.55337716e-09
PSE,3.01377621e-04
gEDMD,1.00000000e+03
wSINDy,1.67638782e-07
SR3,1.17891742e-04
