EDMD,SINDy,HANDI,PSE,gEDMD,wSINDy,SR3
1.00000000e+03,2.02699874e-04,1.17157605e-09,6.02390643e-04,1.00000000e+03,3.34676666e-07,2.02945727e-04
1.00000000e+03,2.08720510e-04,1.93517828e-09,3.64599905e-07,1.00000000e+03,6.00898926e-10,3.28377562e-05
