{
  "K": 300,
  "threshold": 4.202185034920179e-05,
  "nu": 2.237867968552908e-05,
  "max_iter": 300,
  "rollout_mse": 358058448948.01746,
  "coeff_nrmse": 0.12354389476173655
}