Method,NRMSE
EDMD,1.53876498e-01
SINDy,7.79076159e-02
HANDI,1.35838064e-02
PSE,2.73861279e-01
gEDMD,1.24194132e-01
wSINDy,3.51737686e-03
SR3,1.02936042e-01
