Method,MSE_Average
EDMD,6.14336437e+00
SINDy,1.58466175e-01
HANDI,6.13299264e-02
PSE,8.93300781e+01
gEDMD,4.48540984e-01
wSINDy,1.16627300e-03
SR3,2.13856557e-01
