{
  "K": 300,
  "threshold": 4.3822104166641175e-05,
  "nu": 0.16352790271925027,
  "max_iter": 300,
  "rollout_mse": 0.013953556002806951,
  "coeff_nrmse": 630603472874.4508
}