Method,NRMSE
EDMD,1.07918552e+00
SINDy,7.04018853e-01
HANDI,9.14835674e-01
PSE,3.11984767e-01
gEDMD,3.95646820e+02
wSINDy,2.58059311e-01
SR3,4.21353505e-01
