Method,mean_MSE
EDMD,3.84518067e-02
SINDy,2.00165732e-03
HANDI,2.78865666e-08
PSE,2.53604659e-03
gEDMD,1.00000000e+03
wSINDy,1.12389201e-04
SR3,1.60054949e-03
