EDMD,SINDy,HANDI,PSE,gEDMD,wSINDy,SR3
2.62959875e-02,7.80882978e-04,3.29388596e-09,1.29595942e-03,1.00000000e+03,1.23972621e-05,1.12175941e-03
5.06076259e-02,3.22243167e-03,5.24792473e-08,3.77613376e-03,1.00000000e+03,2.12381140e-04,2.07933958e-03
