Method,MSE_Average
EDMD,5.06518971e-04
SINDy,3.79359064e-03
HANDI,1.01568727e-05
PSE,4.46507445e-01
gEDMD,1.27634639e-02
wSINDy,2.47856314e-10
SR3,3.00041838e-03
