Method,MSE_Average
EDMD,8.12061601e-03
SINDy,6.97441944e-03
HANDI,1.85311806e-04
PSE,4.84603827e+00
gEDMD,1.13152701e-01
wSINDy,1.69776754e-09
SR3,1.91536439e-02
