Method,MSE_Average
EDMD,2.78207342e-03
SINDy,5.48406165e-03
HANDI,8.90461115e-05
PSE,2.90963250e+00
gEDMD,3.65141301e-02
wSINDy,1.42554427e-09
SR3,1.06698243e-02
