Method,MSE_Average
EDMD,8.08885707e-04
SINDy,3.32805162e-03
HANDI,2.30234901e-05
PSE,9.04667367e-01
gEDMD,1.46619670e-02
wSINDy,5.82283423e-10
SR3,3.59214730e-03
