Method,NRMSE
EDMD,1.39677933e-02
SINDy,1.92093247e-02
HANDI,2.94656314e-03
PSE,3.87298335e-01
gEDMD,1.00567754e-01
wSINDy,6.32455532e-06
SR3,3.88516397e-02
