EDMD,SINDy,HANDI,PSE,gEDMD,wSINDy,SR3
0,9.76285550e-01,9.99691170e-01,9.70648761e-01,0,9.99799815e-01,9.76221508e-01
