EDMD,SINDy,HANDI,PSE,gEDMD,wSINDy,SR3
inf,4.09320401e-01,5.33052785e-03,5.06613518e-01,1.72603796e+01,3.45526381e-03,4.10425792e-01
