Method,NRMSE
EDMD,1.03340275e+02
SINDy,4.73543409e+00
HANDI,4.26661318e+00
PSE,3.65480596e+00
gEDMD,5.36988352e-01
wSINDy,1.59780242e+01
SR3,1.23477859e+00
