Method,mean_MSE
EDMD,1.00000000e+03
SINDy,5.00000930e+02
HANDI,3.11877301e-02
PSE,5.11068351e+01
gEDMD,1.30898670e+02
wSINDy,4.13669106e+01
SR3,5.00092711e+02
