EDMD,SINDy,HANDI,PSE,gEDMD,wSINDy,SR3
1.00000000e+03,1.86084068e-03,4.77264546e-02,1.87431838e+01,2.58625905e+01,5.70157073e+00,1.00000000e+03
1.00000000e+03,1.00000000e+03,1.46490057e-02,8.34704864e+01,2.35934750e+02,7.70322504e+01,1.85422347e-01
