Method,r2_Average
SINDy,-2.15531821e+00
HANDI,9.87414172e-01
PSE,-7.10635738e-01
gEDMD,-3.23740410e+00
SR3,-2.15953290e+00
