Method,MSE_Average
SINDy,8.58144533e-02
HANDI,3.42293827e-04
PSE,4.65237611e-02
gEDMD,1.15243691e-01
SR3,8.59290793e-02
