Method,NPPI_Average
SINDy,2.79286736e-01
HANDI,9.81667456e-01
PSE,5.83073350e-01
gEDMD,4.28360073e-02
SR3,2.78703377e-01
