Method,MSE_Average
SINDy,1.22765083e-01
HANDI,8.01459752e-04
PSE,1.03645974e-01
gEDMD,1.41466066e-01
SR3,1.22876631e-01
