Method,NRMSE
SINDy,2.74350105e+00
HANDI,7.42691162e-01
PSE,2.51509727e+00
gEDMD,1.18001237e+01
SR3,2.76064470e+00
