Method,MSE_Average
SINDy,9.41012092e-02
HANDI,3.74862599e-04
PSE,5.76158752e-02
gEDMD,1.22872952e-01
SR3,9.43864612e-02
