Method,MSE_Average
SINDy,1.04880368e-01
HANDI,5.58659941e-04
PSE,8.27840927e-02
gEDMD,1.28953939e-01
SR3,1.05227560e-01
