{
  "K": 900,
  "threshold": 0.00012401448512213204,
  "nu": 2.463274964051349e-06,
  "max_iter": 300,
  "rollout_mse": 0.0924884477145593,
  "coeff_nrmse": 8.250206548686442
}