{
  "dt": 0.3,
  "polyorder": 3,
  "tuned": true,
  "best_coeff_nrmse": 70298897948835.67,
  "best_rollout_mse": 0.0005113850054843301,
  "K": 900,
  "threshold": 0.0008577232549496626,
  "nu": 0.0025419666001527974,
  "max_iter": 300
}