{
  "K": 900,
  "threshold": 0.0008577232549496626,
  "nu": 0.0025419666001527974,
  "max_iter": 300,
  "rollout_mse": 0.0005145783315472019,
  "coeff_nrmse": 70942932172598.52
}