{
  "K": 300,
  "threshold": 1.3987541955673544e-05,
  "nu": 0.3911272159189362,
  "max_iter": 300,
  "rollout_mse": 0.8576770168351563,
  "coeff_nrmse": 1105360835057.33
}