Method,NRMSE
EDMD,1.90709611e-02
SINDy,2.26959252e-01
HANDI,4.85941677e-03
PSE,2.98142397e-01
gEDMD,3.18417837e+00
wSINDy,1.18733081e-03
SR3,2.26578259e-01
