Method,r2_Average
EDMD,9.99437354e-01
SINDy,-7.57116658e-01
HANDI,9.99984869e-01
PSE,-8.06917071e-01
gEDMD,-6.97585557e-01
wSINDy,9.99897829e-01
SR3,-7.57083959e-01
