Method,MSE_Average
EDMD,2.90000674e-04
SINDy,9.05657561e-01
HANDI,7.79879300e-06
PSE,9.31325817e-01
gEDMD,8.74973889e-01
wSINDy,5.26614461e-05
SR3,9.05640707e-01
