Method,NPPI_Average
EDMD,9.99699228e-01
SINDy,6.07049398e-02
HANDI,9.99991912e-01
PSE,3.40833257e-02
gEDMD,9.25282503e-02
wSINDy,9.99945383e-01
SR3,6.07224199e-02
