Method,MSE_Average
EDMD,2.46904804e-04
SINDy,5.83059441e-01
HANDI,3.72541739e-06
PSE,8.44738804e-01
gEDMD,1.00897025e+00
wSINDy,5.59480996e-06
SR3,5.83029362e-01
