Method,MSE_Average
EDMD,2.52777142e-04
SINDy,1.37207790e-01
HANDI,4.53326491e-06
PSE,2.32625787e-01
gEDMD,6.83634723e-01
wSINDy,1.38378167e-06
SR3,1.37185379e-01
