EDMD,SINDy,HANDI,PSE,gEDMD,wSINDy,SR3
1.00000000e+03,3.40252372e-04,1.07174980e-01,3.01931113e+00,2.58749197e+01,1.00000000e+03,1.00000000e+03
1.00000000e+03,1.00000000e+03,2.34735697e-02,7.58105845e+01,2.36731910e+02,7.77018763e+01,1.75511852e-01
