Method,NRMSE
EDMD,3.02633581e+03
SINDy,7.17918898e+00
HANDI,2.36893312e-01
PSE,3.11953313e+00
gEDMD,5.36019815e-01
wSINDy,1.61847425e+01
SR3,1.28802180e+00
