Method,mean_MSE
EDMD,1.00000000e+03
SINDy,5.00000170e+02
HANDI,6.53242750e-02
PSE,3.94149478e+01
gEDMD,1.31303415e+02
wSINDy,5.38850938e+02
SR3,5.00087756e+02
