{
  "dt": 0.1,
  "polyorder": 5,
  "tuned": true,
  "best_coeff_nrmse": 0.07056110143882806,
  "best_rollout_mse": 0.002991699387854562,
  "K": 300,
  "threshold": 0.06223717693165526,
  "nu": 0.03240823042093847,
  "max_iter": 300
}