{
  "K": 600,
  "threshold": 0.01195409354709433,
  "nu": 4.040746916344551e-05,
  "max_iter": 300,
  "rollout_mse": 7530865148.548397,
  "coeff_nrmse": 0.26708629207069096
}