{
  "K": 1000,
  "threshold": 0.0013198063085399225,
  "nu": 0.12590117489382013,
  "max_iter": 300,
  "rollout_mse": 0.0011006834409848377,
  "coeff_nrmse": 481781885001.83057
}