{
  "dt": 0.6,
  "polyorder": 5,
  "tuned": true,
  "best_coeff_nrmse": 0.8031291913756656,
  "best_rollout_mse": 1.0323141452518072,
  "K": 500,
  "threshold": 0.06319636694332734,
  "nu": 1.034276877856894e-06,
  "max_iter": 300
}