Method,mean_MSE
EDMD,1.00000000e+03
SINDy,5.00003721e+02
HANDI,3.04589764e-01
PSE,3.94149478e+01
gEDMD,1.28361998e+02
wSINDy,5.39736075e+02
SR3,5.00104666e+02
