EDMD,SINDy,HANDI,PSE,gEDMD,wSINDy,SR3
1.00000000e+03,7.44169113e-03,5.46086958e-01,3.01931113e+00,2.57627281e+01,1.00000000e+03,1.00000000e+03
1.00000000e+03,1.00000000e+03,6.30925697e-02,7.58105845e+01,2.30961268e+02,7.94721495e+01,2.09332922e-01
