Method,NRMSE
EDMD,3.35945728e+04
SINDy,6.80627462e+00
HANDI,8.59261703e-01
PSE,3.11953313e+00
gEDMD,5.39102786e-01
wSINDy,1.83047577e+01
SR3,1.44898336e+00
