Method,NRMSE
EDMD,5.10562835e+03
SINDy,5.07451356e-01
HANDI,1.20929527e-02
PSE,1.17417981e+00
gEDMD,8.24004948e+02
wSINDy,1.26689007e+00
SR3,6.28260029e-01
