Method,mean_MSE
EDMD,1.00000000e+03
SINDy,1.99823225e-01
HANDI,3.66171585e-02
PSE,9.22385322e+00
gEDMD,5.07399438e+02
wSINDy,1.33065536e+01
SR3,3.52317628e-01
