EDMD,SINDy,HANDI,PSE,gEDMD,wSINDy,SR3
1.00000000e+03,3.57561486e-01,3.52280213e-02,1.47853766e+01,1.47988769e+01,1.55280958e+01,6.68977298e-01
1.00000000e+03,4.20849648e-02,3.80062958e-02,3.66232984e+00,1.00000000e+03,1.10850114e+01,3.56579588e-02
