{
  "K": 400,
  "threshold": 0.0021395123627926667,
  "nu": 0.24432254716962062,
  "max_iter": 300,
  "rollout_mse": 0.1387851280060206,
  "coeff_nrmse": 0.006816223503144209
}