Method,a_True,a_Pred,a_Err%,b_True,b_Pred,b_Err%
EDMD,2.4,-2.4024,200.1,0.07,0.0,100.0
gEDMD,2.4,2.40188,0.08,0.07,0.06412,8.4
HANDI,2.4,2.3999,0.0,0.07,0.07003,0.05
PSE,2.4,2.25649,5.98,0.07,0.06498,7.17
Sindy,2.4,2.27152,5.35,0.07,0.06333,9.53
SR3,2.4,2.21658,7.64,0.07,0.06421,8.27
wsindy,2.4,2.38726,0.53,0.07,0.07003,0.04
