Method,mean_MSE
EDMD,1.00000000e+03
SINDy,1.11337646e-03
HANDI,8.68478123e-05
PSE,2.37537619e-03
gEDMD,1.00000000e+03
wSINDy,3.17373165e-02
SR3,1.58391571e-03
