EDMD,SINDy,HANDI,PSE,gEDMD,wSINDy,SR3
1.00000000e+03,7.59915748e-04,4.39636918e-05,1.12300970e-03,1.00000000e+03,5.85023471e-04,9.45306357e-04
1.00000000e+03,1.46683718e-03,1.29731933e-04,3.62774268e-03,1.00000000e+03,6.28896095e-02,2.22252505e-03
