Method,NRMSE
EDMD,2.12035346e+00
SINDy,7.83051488e-01
HANDI,6.34687723e-01
PSE,2.69751000e-01
gEDMD,1.75213579e+03
wSINDy,1.07057088e+01
SR3,4.65450300e-01
