Method,NRMSE
HANDI,9.27108764e-04
ablationA,1.53960129e+00
ortho,1.08866427e+00
