Method,MSE_Average
HANDI,1.90257664e-04
ablationA,4.47961209e-04
ortho,1.00277967e-03
