Method,MSE_Average
HANDI,2.65997972e-03
ablationA,2.66673193e-03
ortho,6.56040767e-03
