Method,r2_Average
HANDI,9.99500051e-01
ablationA,9.99498782e-01
ortho,9.98766958e-01
