Method,r2_Average
HANDI,9.99984922e-01
ablationA,9.95903501e-01
ortho,9.98396285e-01
