Method,MSE_Average
HANDI,1.71604390e-06
ablationA,5.06706722e-04
ortho,7.14983798e-05
