Method,MSE_Average
HANDI,2.80361302e-06
ablationA,7.48661663e-04
ortho,1.08557088e-04
