Method,NRMSE
HANDI,1.42875870e-02
ablationA,1.32693815e-01
ortho,6.28562357e-02
