{
  "dt": 0.8,
  "polyorder": 5,
  "tuned": true,
  "best_coeff_nrmse": 0.9584398752736656,
  "best_rollout_mse": 971651863716.8982,
  "K": 200,
  "threshold": 0.0006134342737587453,
  "nu": 0.010384804163283233,
  "max_iter": 300
}