{
  "K": 200,
  "threshold": 0.0006134342737587453,
  "nu": 0.010384804163283233,
  "max_iter": 300,
  "rollout_mse": 971399325006.6287,
  "coeff_nrmse": 0.9385904703433593
}