{
  "dt": 0.4,
  "polyorder": 5,
  "tuned": true,
  "best_coeff_nrmse": 0.32551116754428483,
  "best_rollout_mse": 0.5343258532159557,
  "K": 700,
  "threshold": 1.4953632774464605e-05,
  "nu": 0.00012018283185592888,
  "max_iter": 300
}