Method,NRMSE
EDMD,1.58113883e-05
SINDy,2.03582641e-02
HANDI,5.21640925e-04
PSE,0.00000000e+00
gEDMD,6.87220719e-02
wSINDy,0.00000000e+00
SR3,3.87388830e-02
