Method,MSE_Average
EDMD,2.20330480e-09
SINDy,5.20165236e-04
HANDI,2.31326125e-06
PSE,3.59583846e-13
gEDMD,1.30461058e-02
wSINDy,3.59583847e-13
SR3,8.65280086e-04
