Method,MSE_Average
EDMD,1.36359472e-09
SINDy,5.39757739e-04
HANDI,1.06121361e-06
PSE,3.37214420e-13
gEDMD,6.42058615e-03
wSINDy,3.37214420e-13
SR3,3.76926248e-04
