EDMD,SINDy,HANDI,PSE,gEDMD,wSINDy,SR3
1.57699079e+01,5.05655725e-01,6.55290280e-03,6.74701110e+01,1.00000000e+03,5.24740191e+00,4.73334179e-01
1.00000000e+03,2.41774427e-02,4.90480839e-03,9.78989069e+01,1.00000000e+03,2.81983433e-01,2.21707996e-02
