Method,NRMSE
EDMD,1.00373446e+03
SINDy,5.68123373e-01
HANDI,4.57593391e-02
PSE,1.17417981e+00
gEDMD,5.85369964e+03
wSINDy,9.98468752e-01
SR3,5.56136994e-01
