Method,mean_MSE
EDMD,5.07884954e+02
SINDy,2.64916584e-01
HANDI,5.72885560e-03
PSE,8.26845090e+01
gEDMD,1.00000000e+03
wSINDy,2.76469267e+00
SR3,2.47752489e-01
