{
  "K": 100,
  "threshold": 0.0019846180664845384,
  "nu": 0.01087748730093939,
  "max_iter": 300,
  "rollout_mse": 0.012298213998935348,
  "coeff_nrmse": 2449421183160.892
}