{
  "K": 700,
  "threshold": 0.0065173419799581305,
  "nu": 0.3002905851046494,
  "max_iter": 300,
  "rollout_mse": 939396073012.6531,
  "coeff_nrmse": 1760565865012.3662
}