Method,C1_Count,C1_Percentage,C2_Count,C2_Percentage,C3_Count,C3_Percentage,ACR_Count,ACR_Percentage
EDMD,100,1.00000000,100,1.00000000,100,1.00000000,100,1.00000000
SINDy,100,1.00000000,100,1.00000000,100,1.00000000,100,1.00000000
HANDI,100,1.00000000,100,1.00000000,100,1.00000000,100,1.00000000
PSE,100,1.00000000,100,1.00000000,100,1.00000000,100,1.00000000
gEDMD,100,1.00000000,100,1.00000000,100,1.00000000,100,1.00000000
WSINDy,100,1.00000000,100,1.00000000,100,1.00000000,100,1.00000000
SR3,100,1.00000000,100,1.00000000,100,1.00000000,100,1.00000000
