{
  "K": 800,
  "threshold": 0.02724535078255607,
  "nu": 2.7178863071135865e-06,
  "max_iter": 300,
  "rollout_mse": 0.05755445450050558,
  "coeff_nrmse": 0.006779768326473308
}