EDMD,SINDy,HANDI,PSE,gEDMD,wSINDy,SR3
2.08173270e-02,7.57479778e-04,7.46044817e-07,1.21675064e-03,1.00000000e+03,1.79607130e-04,1.07871655e-03
3.49336770e-02,1.88251387e-03,8.64274978e-06,1.00000000e+03,1.00000000e+03,1.00000000e+03,2.23187612e-03
