Method,mean_MSE
EDMD,2.78755020e-02
SINDy,1.31999683e-03
HANDI,4.69439730e-06
PSE,5.00000608e+02
gEDMD,1.00000000e+03
wSINDy,5.00000090e+02
SR3,1.65529633e-03
