Method,valid_rate
EDMD,1.00000000e+00
SINDy,1.00000000e+00
HANDI,1.00000000e+00
PSE,5.00000000e-01
gEDMD,0.00000000e+00
wSINDy,5.00000000e-01
SR3,1.00000000e+00
