Method,NRMSE
EDMD,1.38103674e+00
SINDy,6.52475640e-01
HANDI,1.05748511e-01
PSE,3.10162927e-01
gEDMD,1.03463660e+03
wSINDy,5.98383962e+00
SR3,4.20521309e-01
