{
  "dt": 0.1,
  "polyorder": 3,
  "tuned": true,
  "best_coeff_nrmse": 0.024478963181290357,
  "best_rollout_mse": 0.06511455126032287,
  "K": 500,
  "threshold": 0.03484270264499519,
  "nu": 0.0031456688511316694,
  "max_iter": 300
}