{
  "K": 300,
  "threshold": 0.002534646891522422,
  "nu": 8.724648495464784e-06,
  "max_iter": 300,
  "rollout_mse": 0.007984395562125837,
  "coeff_nrmse": 0.03060300184401417
}