{
  "K": 600,
  "threshold": 0.0002124485796763388,
  "nu": 0.00551631566842262,
  "max_iter": 300,
  "rollout_mse": 16.972529748117452,
  "coeff_nrmse": 183580950540.49936
}