{
  "K": 300,
  "threshold": 0.00026736306970384963,
  "nu": 0.03300617253733604,
  "max_iter": 300,
  "rollout_mse": 0.0010340827440979382,
  "coeff_nrmse": 3529761845116.846
}