{
  "dt": 0.6,
  "polyorder": 5,
  "tuned": true,
  "best_coeff_nrmse": 0.03138005199424165,
  "best_rollout_mse": 0.18713488684149346,
  "K": 200,
  "threshold": 0.07041674399097946,
  "nu": 0.00012016602772291652,
  "max_iter": 300
}