{
  "K": 800,
  "threshold": 0.0015442695839216307,
  "nu": 1.0476211366875326e-06,
  "max_iter": 300,
  "rollout_mse": 0.02713933837471703,
  "coeff_nrmse": 0.12889176210818504
}