{
  "K": 800,
  "threshold": 0.09956428520949259,
  "nu": 0.0011662232538828064,
  "max_iter": 300,
  "rollout_mse": 0.10099380625181513,
  "coeff_nrmse": 7.2395231252435055
}