{
  "K": 200,
  "threshold": 0.07041674399097946,
  "nu": 0.00012016602772291652,
  "max_iter": 300,
  "rollout_mse": 0.1649800481963327,
  "coeff_nrmse": 0.03166107646159872
}