{
  "dt": 0.3,
  "polyorder": 3,
  "tuned": true,
  "best_coeff_nrmse": 71520261462241.89,
  "best_rollout_mse": 0.0004046294043049417,
  "K": 800,
  "threshold": 0.00019975229836938455,
  "nu": 2.0990935592168247e-05,
  "max_iter": 300
}