{
  "K": 800,
  "threshold": 0.00019975229836938455,
  "nu": 2.0990935592168247e-05,
  "max_iter": 300,
  "rollout_mse": 0.0004541576020820393,
  "coeff_nrmse": 72233207891120.48
}