Method,C1_Count,C1_Percentage,C2_Count,C2_Percentage,ACR_Count,ACR_Percentage
EDMD,93,0.93000000,93,0.93000000,93,0.93000000
SINDy,100,1.00000000,0,0.00000000,0,0.00000000
HANDI,100,1.00000000,100,1.00000000,100,1.00000000
PSE,98,0.98000000,0,0.00000000,0,0.00000000
gEDMD,0,0.00000000,16,0.16000000,0,0.00000000
wSINDy,100,1.00000000,100,1.00000000,100,1.00000000
SR3,100,1.00000000,0,0.00000000,0,0.00000000
