{
  "K": 1000,
  "threshold": 1.031938439552307e-05,
  "nu": 1.1056630291809897e-06,
  "max_iter": 300,
  "rollout_mse": 34648441427.25508,
  "coeff_nrmse": 0.002994578333056298
}