{
  "K": 300,
  "threshold": 0.026602506878159453,
  "nu": 0.003393217232938279,
  "max_iter": 300,
  "rollout_mse": 1.1657661033445101,
  "coeff_nrmse": 0.6417551057776206
}