Method,mean_MSE
EDMD,1.00000000e+03
SINDy,2.90245175e-04
HANDI,1.86628991e-05
PSE,5.80169939e-02
gEDMD,1.00000000e+03
wSINDy,6.22144290e-05
SR3,1.47467190e-04
