EDMD,SINDy,HANDI,PSE,gEDMD,wSINDy,SR3
1.00000000e+03,2.63980460e-04,1.78387556e-05,1.15953510e-01,1.00000000e+03,1.09860772e-04,2.62633214e-04
1.00000000e+03,3.16509891e-04,1.94870426e-05,8.04774044e-05,1.00000000e+03,1.45680862e-05,3.23011652e-05
