Method,NRMSE
EDMD,3.14108922e+05
SINDy,7.93729108e-01
HANDI,2.08932017e-03
PSE,1.07186627e+04
gEDMD,5.91958503e+06
wSINDy,7.59361122e-01
SR3,7.88005954e-01
