{
  "K": 600,
  "threshold": 0.05031907788217836,
  "nu": 0.023689837226105244,
  "max_iter": 300,
  "rollout_mse": 956737579150.0254,
  "coeff_nrmse": 25.885351616309272
}