{
  "K": 100,
  "threshold": 0.06328908635931987,
  "nu": 0.001410274290761384,
  "max_iter": 300,
  "rollout_mse": 17.396014199335234,
  "coeff_nrmse": 170227558198.62137
}