{
  "K": 400,
  "threshold": 0.01,
  "nu": 0.023112223425750533,
  "max_iter": 300,
  "rollout_mse": 0.0012241884479036135,
  "coeff_nrmse": null
}