{
  "K": 800,
  "threshold": 0.0006670778466058196,
  "nu": 0.21929782780606294,
  "max_iter": 300,
  "rollout_mse": 4.4542434031180837e-05,
  "coeff_nrmse": 621198962279.3695
}