{
  "K": 600,
  "threshold": 4.528754098536181e-05,
  "nu": 0.0003070040618590408,
  "max_iter": 300,
  "rollout_mse": 0.12232372365095676,
  "coeff_nrmse": 2.4260323307641727
}