{
  "K": 100,
  "threshold": 0.005052349548727249,
  "nu": 5.6620534652341514e-05,
  "max_iter": 300,
  "rollout_mse": 0.001797414655398086,
  "coeff_nrmse": 37859502614692.22
}