Method,MSE_Average
EDMD,8.18594305e-05
SINDy,2.37628368e-02
HANDI,9.16187594e-06
PSE,8.70300430e-03
gEDMD,4.15776319e-01
wSINDy,9.32994228e-09
SR3,2.37559015e-02
