Method,MSE_Average
EDMD,1.56032762e-04
SINDy,1.25138452e-01
HANDI,8.98284640e-06
PSE,4.21638493e-02
gEDMD,5.95255002e-01
wSINDy,3.22963400e-08
SR3,1.25112617e-01
