Method,NPPI_Average
EDMD,9.99530890e-01
SINDy,4.66643590e-01
HANDI,9.99994713e-01
PSE,7.80122405e-01
gEDMD,3.24287244e-01
wSINDy,9.99999821e-01
SR3,4.66663312e-01
