Method,NRMSE
EDMD,1.36777882e-02
SINDy,1.39701350e-01
HANDI,1.22089382e-02
PSE,5.57773351e-01
gEDMD,1.60887984e+00
wSINDy,1.52519580e-04
SR3,1.39907337e-01
