Method,MSE_Average
EDMD,7.94050842e-04
SINDy,9.02798651e-01
HANDI,8.94900357e-06
PSE,3.72181139e-01
gEDMD,1.14376157e+00
wSINDy,3.03179623e-07
SR3,9.02765268e-01
