{
  "dt": 0.1,
  "polyorder": 5,
  "tuned": true,
  "best_coeff_nrmse": 0.12250101194031775,
  "best_rollout_mse": 0.004673190123924967,
  "K": 800,
  "threshold": 0.020706093252812505,
  "nu": 1.652211249741351e-06,
  "max_iter": 300
}