{
  "K": 800,
  "threshold": 0.020706093252812505,
  "nu": 1.652211249741351e-06,
  "max_iter": 300,
  "rollout_mse": 0.004673190123924967,
  "coeff_nrmse": 0.12250101194031775
}