{
  "K": 200,
  "threshold": 0.00016892269441204098,
  "nu": 0.004127964504130653,
  "max_iter": 300,
  "rollout_mse": 4.020608240502135,
  "coeff_nrmse": 0.00025143743402766767
}