Method,Valid_rate
EDMD,0.00000000e+00
SINDy,2.50000000e-01
HANDI,1.00000000e+00
PSE,7.50000000e-01
gEDMD,0.00000000e+00
wSINDy,0.00000000e+00
SR3,1.00000000e+00
