Method,NRMSE
EDMD,0.00000000e+00
SINDy,3.67595031e-02
HANDI,3.29000329e-04
PSE,0.00000000e+00
gEDMD,1.58679642e-01
wSINDy,4.21637021e-06
SR3,3.63613491e-02
