Method,MSE_Average
EDMD,5.60033361e-13
SINDy,4.59777063e-05
HANDI,1.28578858e-08
PSE,5.60033359e-13
gEDMD,4.63280668e-03
wSINDy,2.92410692e-12
SR3,4.56074113e-05
