Method,MSE_Average
EDMD,7.86050072e-13
SINDy,1.62314270e-04
HANDI,3.46189441e-08
PSE,7.86050071e-13
gEDMD,5.16588375e-03
wSINDy,4.60287817e-12
SR3,1.61137579e-04
