{
  "K": 500,
  "threshold": 0.03484270264499519,
  "nu": 0.0031456688511316694,
  "max_iter": 300,
  "rollout_mse": 0.06511455126032287,
  "coeff_nrmse": 0.024478963181290357
}