Method,MSE_Average
EDMD,1.01166823e-03
SINDy,4.97946587e-03
HANDI,1.06213371e-05
PSE,3.41725911e-01
gEDMD,1.74716154e-01
wSINDy,1.78052157e-06
SR3,2.11708800e-01
