Method,NPPI_Average
EDMD,9.99623616e-01
SINDy,9.98526912e-01
HANDI,9.99993757e-01
PSE,6.72791997e-01
gEDMD,9.36377407e-01
wSINDy,9.99999112e-01
SR3,9.51160492e-01
