Method,NRMSE
EDMD,2.89040644e-03
SINDy,1.19025214e-02
HANDI,9.31559409e-05
PSE,6.28539361e-02
gEDMD,8.02855965e-02
wSINDy,5.85858029e-05
SR3,3.41082179e-02
