Method,NRMSE
SINDy,3.78131116e-01
HANDI,3.25294793e-03
PSE,1.43427433e-01
gEDMD,1.25967588e+00
SR3,4.12965038e-01
