Method,NPPI_Average
SINDy,9.49590050e-01
HANDI,9.99999808e-01
PSE,9.60029117e-01
gEDMD,8.78635704e-01
SR3,9.49996852e-01
