Method,MSE_Average
SINDy,6.25318374e-03
HANDI,3.06196499e-08
PSE,7.41178883e-03
gEDMD,2.36560652e-02
SR3,6.26674539e-03
