Method,MSE_Average
SINDy,1.71466702e-03
HANDI,1.89534214e-08
PSE,4.04237665e-03
gEDMD,1.98306383e-02
SR3,1.73633027e-03
