Method,r2_Average
SINDy,8.80465258e-01
HANDI,9.99999545e-01
PSE,9.05218926e-01
gEDMD,7.12214559e-01
SR3,8.81429888e-01
