Method,MSE_Average
SINDy,1.15664559e-02
HANDI,4.40349790e-08
PSE,9.17123414e-03
gEDMD,2.78467795e-02
SR3,1.14731160e-02
