Method,MSE_Average
SINDy,3.41325287e-04
HANDI,1.55546732e-08
PSE,1.46712810e-03
gEDMD,1.74108995e-02
SR3,3.46579895e-04
