Method,NRMSE
EDMD,1.26931698e+01
SINDy,9.55148305e-01
HANDI,4.60927186e-01
PSE,3.90062111e-01
gEDMD,3.52366135e+03
wSINDy,9.70872379e+00
SR3,4.64102423e-01
