EDMD,SINDy,HANDI,PSE,gEDMD,wSINDy,SR3
1.00000000e+03,7.65989762e-04,3.34077251e-05,1.04225755e-03,1.00000000e+03,3.71478164e-04,8.22451649e-04
1.00000000e+03,1.59031553e-03,7.20667321e-05,3.66506313e-03,1.00000000e+03,1.00000000e+03,2.28494049e-03
