Method,mean_MSE
EDMD,1.00000000e+03
SINDy,1.17815265e-03
HANDI,5.27372286e-05
PSE,2.35366034e-03
gEDMD,1.00000000e+03
wSINDy,5.00000186e+02
SR3,1.55369607e-03
