Method,MSE_Average
HANDI,6.95387976e-03
ablationA,1.45786141e-01
ortho,4.90703022e-01
