Method,valid_rate
HANDI,1.00000000e+00
ablationA,9.00000000e-01
ortho,9.80000000e-01
