Method,NRMSE
HANDI,1.35838064e-02
ablationA,5.49544698e-02
ortho,2.90254287e-02
