Method,r2_Average
HANDI,9.71113213e-01
ablationA,6.02313059e-01
ortho,1.45412329e-01
