Method,MSE_Average
HANDI,1.25080334e-03
ablationA,5.00480085e-02
ortho,1.83737488e-01
