{
  "K": 100,
  "threshold": 0.0661705065087486,
  "nu": 1.7568892784973218e-06,
  "max_iter": 300,
  "rollout_mse": 17.623779712439475,
  "coeff_nrmse": 170449135598.286
}