{
  "dt": 0.5,
  "polyorder": 5,
  "tuned": true,
  "best_coeff_nrmse": 0.007564230583079197,
  "best_rollout_mse": 0.11319380232209562,
  "K": 200,
  "threshold": 0.001009483468225075,
  "nu": 2.768155996852406e-05,
  "max_iter": 300
}