{
  "K": 200,
  "threshold": 0.001009483468225075,
  "nu": 2.768155996852406e-05,
  "max_iter": 300,
  "rollout_mse": 0.11338269203845788,
  "coeff_nrmse": 0.007413589649272629
}