Method,c0_True,c0_Pred,c0_Err%,c1_True,c1_Pred,c1_Err%
EDMD,0.32,-0.012,103.75,0.28,6893.3363,2461805.82
gEDMD,0.32,-20935.79346,6542535.46,0.28,374315.00079,133683828.85
HANDI,0.32,0.32004,0.01,0.28,0.28009,0.03
PSE,0.32,-1.13335,454.17,0.28,1.13335,304.77
Sindy,0.32,0.25917,19.01,0.28,0.21204,24.27
SR3,0.32,0.26309,17.78,0.28,0.22453,19.81
wsindy,0.32,0.32232,0.72,0.28,0.28203,0.73
