{
  "K": 300,
  "threshold": 0.03326629556923838,
  "nu": 0.021785151902960573,
  "max_iter": 300,
  "rollout_mse": 0.0015039745197960642,
  "coeff_nrmse": 1.0490375636625315e-07
}