Method,NRMSE
SINDy,1.88431490e+00
HANDI,9.52008755e-02
PSE,5.22083737e-01
gEDMD,1.43586476e+01
SR3,2.00909039e+00
