Method,NPPI_Average
SINDy,2.17765924e-01
HANDI,9.99817994e-01
PSE,6.24060758e-01
gEDMD,8.80458646e-02
SR3,2.01531678e-01
