Method,MSE_Average
SINDy,1.01925598e-01
HANDI,2.18393274e-05
PSE,4.74931427e-02
gEDMD,1.17448322e-01
SR3,1.04060257e-01
