Method,MSE_Average
SINDy,1.75762772e-01
HANDI,2.51710546e-05
PSE,1.32011008e-01
gEDMD,1.89229709e-01
SR3,1.77957361e-01
