Method,MSE_Average
SINDy,1.40723116e-01
HANDI,2.55885719e-05
PSE,9.23890124e-02
gEDMD,1.54893142e-01
SR3,1.42822342e-01
