Method,MSE_Average
SINDy,1.13775070e-01
HANDI,2.33320963e-05
PSE,6.11828642e-02
gEDMD,1.28857841e-01
SR3,1.15862149e-01
