Method,r2_Average
SINDy,-1.46105883e+00
HANDI,9.99472675e-01
PSE,-1.46752337e-01
gEDMD,-1.83586494e+00
SR3,-1.51260153e+00
