{
  "K": 100,
  "threshold": 0.01854737146140918,
  "nu": 3.3575414748456014e-06,
  "max_iter": 300,
  "rollout_mse": 1.025249083859673,
  "coeff_nrmse": 1.2254066184857975
}