{
  "dt": 0.5,
  "polyorder": 5,
  "tuned": true,
  "best_coeff_nrmse": 0.1184706047328428,
  "best_rollout_mse": 326098878728.62244,
  "K": 300,
  "threshold": 4.202185034920179e-05,
  "nu": 2.237867968552908e-05,
  "max_iter": 300
}