{
  "dt": 2.25,
  "polyorder": 2,
  "tuned": true,
  "best_coeff_nrmse": 1299186572348.4111,
  "best_rollout_mse": 0.6280240026474955,
  "K": 700,
  "threshold": 0.00028393819859959523,
  "nu": 0.0005336783236957176,
  "max_iter": 300
}