Method,mean_MSE
EDMD,1.00000000e+03
SINDy,5.00005541e+02
HANDI,2.00520407e-01
PSE,3.94149478e+01
gEDMD,1.29526733e+02
wSINDy,4.13669076e+01
SR3,5.00122798e+02
