Method,NRMSE
EDMD,1.53399780e+05
SINDy,6.66872404e+00
HANDI,7.77732664e-01
PSE,3.11953313e+00
gEDMD,5.37606464e-01
wSINDy,1.59780452e+01
SR3,1.50254188e+00
