EDMD,SINDy,HANDI,PSE,gEDMD,wSINDy,SR3
1.00000000e+03,1.10829457e-02,2.26209230e-01,3.01931113e+00,2.58002973e+01,5.70157157e+00,1.00000000e+03
1.00000000e+03,1.00000000e+03,1.74831584e-01,7.58105845e+01,2.33253170e+02,7.70322437e+01,2.45595406e-01
