{
  "dt": 2.25,
  "polyorder": 2,
  "tuned": true,
  "best_coeff_nrmse": 1003700385412.1227,
  "best_rollout_mse": 1.0489482646937816,
  "K": 700,
  "threshold": 0.00011424884598347497,
  "nu": 5.842144858957663e-06,
  "max_iter": 300
}