{
  "K": 700,
  "threshold": 0.026334742210393648,
  "nu": 1.0970644626550454e-06,
  "max_iter": 300,
  "rollout_mse": 0.015502194361653563,
  "coeff_nrmse": 0.0002965421498791806
}