{
  "best_cfg": {
    "data": "duff_train30_Nsim10.npy",
    "dt": 0.3,
    "polyorder": 3,
    "g_dim": 56,
    "width": 128,
    "depth": 5,
    "dropout": 0.35000000000000003,
    "epochs_A": 120,
    "epochs_B": 200,
    "lrA": 0.002,
    "lrB_start": 0.003,
    "lrB_end": 0.0003,
    "decayA_last_frac": 0.3,
    "decayA_min_ratio": 0.2,
    "lam_phi": 3e-10,
    "lam_g": 3.544672515254829e-06,
    "lam_full": 4.1910860810774385e-06,
    "rollout_B": 16,
    "beta_align": 0.052083619185193684,
    "batch_size": 1024,
    "num_workers": 8,
    "grad_clip": 1.0,
    "val_split": 0.2,
    "seed": 3407,
    "outdir": "result/poly_3_Nsim10/edmd_runs_30_withL/tuning_dt0.300_poly3/trial_0536",
    "true_coeff_json": "[[ 0, 5], [ 1, -0.5], [ 0, 0], [ 0, 0], [ 0, 0], [ 0, -1], [ 0, 0], [ 0, 0], [ 0, 0]]",
    "devices": 1,
    "precision": "32-true",
    "max_epochs": -1,
    "tune": false,
    "n_trials": 9999,
    "tune_timeout": 0,
    "tune_save_trials": 0,
    "hp_json": "",
    "top_r": 4
  },
  "dt": 0.3,
  "score": 1.0991276400826816e-05,
  "nrmse_at_best": 0.0009269828112448695
}