{
  "K": 600,
  "threshold": 0.07867501956749781,
  "nu": 0.007841989957368081,
  "max_iter": 300,
  "rollout_mse": 1.2535825942731489,
  "coeff_nrmse": 0.38619681474278844
}