Method,NPPI_Average
EDMD,5.83635761e-01
SINDy,3.66475588e-01
HANDI,9.87204826e-01
PSE,0.00000000e+00
gEDMD,0.00000000e+00
wSINDy,2.05403737e-01
SR3,0.00000000e+00
