EDMD,SINDy,HANDI,PSE,gEDMD,wSINDy,SR3
5.79868998e-01,8.82307200e-01,1.78197937e-02,inf,inf,1.10663140e+00,1.39269645e+00
