EDMD,SINDy,HANDI,PSE,gEDMD,wSINDy,SR3
5.83635761e-01,3.66475588e-01,9.87204826e-01,0,0,2.05403737e-01,0
