{
  "K": 100,
  "threshold": 0.00025372404043574924,
  "nu": 0.006955489536927915,
  "max_iter": 300,
  "rollout_mse": 0.004244883401624088,
  "coeff_nrmse": 4754719282227.297
}