{
  "K": 300,
  "threshold": 0.009824556290213695,
  "nu": 0.007056759985528243,
  "max_iter": 300,
  "rollout_mse": 1.5921118025689345,
  "coeff_nrmse": 0.15321427960110118
}