Method,NRMSE
EDMD,3.98396532e+00
SINDy,6.21006918e-01
HANDI,1.68341715e-01
PSE,1.63299316e+00
gEDMD,1.18097879e+01
wSINDy,3.69228699e+00
SR3,6.21031554e-01
