Method,NRMSE
EDMD,4.28035107e-01
SINDy,6.31376170e-01
HANDI,4.97475482e-02
PSE,6.05530071e-01
gEDMD,1.17061607e+01
wSINDy,1.05511079e+00
SR3,6.31477599e-01
