Method,NPPI_Average
SINDy,8.54024519e-01
HANDI,9.99999560e-01
PSE,9.17452403e-01
gEDMD,7.22090429e-01
SR3,8.53879583e-01
