Method,MSE_Average
SINDy,1.20594717e-01
HANDI,3.29622722e-07
PSE,8.32777269e-02
gEDMD,1.55879735e-01
SR3,1.20712551e-01
