Method,NRMSE
SINDy,2.32225147e+00
HANDI,1.25231034e-02
PSE,5.01996016e-01
gEDMD,9.70678494e+00
SR3,2.33268283e+00
