Method,MSE_Average
SINDy,1.15960981e-01
HANDI,2.89599406e-07
PSE,6.50183959e-02
gEDMD,1.50998164e-01
SR3,1.16078933e-01
