Method,MSE_Average
SINDy,1.58571826e-01
HANDI,7.27648899e-07
PSE,1.20121345e-01
gEDMD,2.01668591e-01
SR3,1.58609863e-01
