Method,MSE_Average
SINDy,1.37094061e-01
HANDI,4.75808970e-07
PSE,1.21281594e-01
gEDMD,1.70479664e-01
SR3,1.37206759e-01
