Method,r2_Average
SINDy,-1.35036253e+00
HANDI,9.99994130e-01
PSE,-3.17829504e-01
gEDMD,-2.06051591e+00
SR3,-1.35275325e+00
