Method,NPPI_Average
SINDy,8.67131309e-01
HANDI,9.99999910e-01
PSE,8.84270874e-01
gEDMD,8.19754176e-01
SR3,8.67132481e-01
