Method,NRMSE
SINDy,1.22589412e+00
HANDI,5.03451037e-03
PSE,3.43926903e-01
gEDMD,6.12074488e+00
SR3,1.22589307e+00
