Method,r2_Average
SINDy,-4.46387941e-01
HANDI,9.99999021e-01
PSE,-2.59809296e-01
gEDMD,-9.62128049e-01
SR3,-4.46375184e-01
