Method,MSE_Average
SINDy,7.67819410e-02
HANDI,1.80406367e-08
PSE,1.05014424e-01
gEDMD,1.43756236e-01
SR3,7.67827791e-02
