Method,MSE_Average
SINDy,1.25901731e-01
HANDI,4.02082384e-08
PSE,9.49198383e-02
gEDMD,1.64729180e-01
SR3,1.25901246e-01
