Method,MSE_Average
SINDy,2.16472256e-02
HANDI,9.66611328e-09
PSE,3.61186580e-02
gEDMD,8.91409968e-02
SR3,2.16476324e-02
