Method,MSE_Average
SINDy,9.41558581e-02
HANDI,6.37008451e-08
PSE,8.20101040e-02
gEDMD,1.27729114e-01
SR3,9.41550277e-02
