Method,k_True,k_Pred,k_Err%,gamma_True,gamma_Pred,gamma_Err%
EDMD,0.4,-0.135,133.75,0.314,7.4762,2280.96
gEDMD,0.4,1e-05,100.0,0.314,0.04316,86.25
HANDI,0.4,0.34006,14.99,0.314,0.31373,0.09
PSE,0.4,0.0,100.0,0.314,0.0,100.0
Sindy,0.4,-0.31973,179.93,0.314,0.30083,4.19
SR3,0.4,0.69619,74.05,0.314,0.49494,57.62
wsindy,0.4,11.99944,2899.86,0.314,9.41998,2899.99
