{
  "K": 100,
  "threshold": 0.005827439274837153,
  "nu": 2.2151308332155937e-06,
  "max_iter": 300,
  "rollout_mse": 0.0011009108142019566,
  "coeff_nrmse": 0.021212891257432764
}