{
  "dt": 1.0,
  "polyorder": 7,
  "tuned": true,
  "best_coeff_nrmse": 1.0052356378798004,
  "best_rollout_mse": 0.3731807070235885,
  "K": 100,
  "threshold": 0.07099843223929027,
  "nu": 0.007686019911770791,
  "max_iter": 300
}