{
  "K": 100,
  "threshold": 0.07099843223929027,
  "nu": 0.007686019911770791,
  "max_iter": 300,
  "rollout_mse": 0.3731807070235885,
  "coeff_nrmse": 1.0052356378798004
}