Method,valid_rate
HANDI,1.00000000e+00
ablationA,1.00000000e+00
ortho,1.00000000e+00
