Method,MSE_Average
HANDI,1.33960271e-05
ablationA,1.94609057e-04
ortho,8.66639430e-04
