Method,NRMSE
HANDI,6.66436775e-03
ablationA,3.05061451e-02
ortho,3.78924496e-02
