Method,r2_Average
HANDI,9.99852752e-01
ablationA,9.97717374e-01
ortho,9.97078860e-01
