Method,MSE_Average
HANDI,9.82370716e-06
ablationA,1.07411697e-04
ortho,7.51392999e-04
