{
  "K": 1000,
  "threshold": 0.0011539211961907722,
  "nu": 0.090289521268807,
  "max_iter": 300,
  "rollout_mse": 0.029618927000362696,
  "coeff_nrmse": 2.5471380977442336e-05
}