{
  "K": 600,
  "threshold": 0.0011241530809322972,
  "nu": 0.0006680404179515739,
  "max_iter": 300,
  "rollout_mse": 0.5635716381662211,
  "coeff_nrmse": 1402581031832.6174
}