{
  "dt": 0.3,
  "polyorder": 3,
  "tuned": true,
  "best_coeff_nrmse": 39377539333539.62,
  "best_rollout_mse": 0.0018950539726379047,
  "K": 100,
  "threshold": 0.005052349548727249,
  "nu": 5.6620534652341514e-05,
  "max_iter": 300
}