Method,C1_Count,C1_Percentage,C2_Count,C2_Percentage,C3_Count,C3_Percentage,ACR_Count,ACR_Percentage
HANDI,100,1.00000000,100,1.00000000,100,1.00000000,100,1.00000000
ablationA,100,1.00000000,100,1.00000000,100,1.00000000,100,1.00000000
ortho,0,0.00000000,0,0.00000000,100,1.00000000,0,0.00000000
