Method,NRMSE
EDMD,8.62924840e+02
SINDy,4.57135425e-01
HANDI,9.63711544e-04
PSE,1.17417981e+00
gEDMD,1.28840707e+03
wSINDy,1.26677207e+00
SR3,5.72961345e-01
