Method,mean_MSE
EDMD,1.00000000e+03
SINDy,1.45976148e-01
HANDI,8.35742308e-06
PSE,9.22385322e+00
gEDMD,5.07398121e+02
wSINDy,1.32918113e+01
SR3,2.63440406e-01
