EDMD,SINDy,HANDI,PSE,gEDMD,wSINDy,SR3
1.00000000e+03,2.64666971e-01,8.66907677e-06,1.47853766e+01,1.47962416e+01,1.55276112e+01,5.01866619e-01
1.00000000e+03,2.72853259e-02,8.04576940e-06,3.66232984e+00,1.00000000e+03,1.10560114e+01,2.50141931e-02
