{
  "K": 1000,
  "threshold": 0.00399890359990421,
  "nu": 0.0660452539959728,
  "max_iter": 300,
  "rollout_mse": 0.00410127345299461,
  "coeff_nrmse": 4385346195173.5806
}