Method,NRMSE
EDMD,5.52554488e+05
SINDy,8.00884161e-01
HANDI,3.47643395e-03
PSE,2.29245156e+01
gEDMD,1.03472247e+09
wSINDy,7.92375998e-01
SR3,7.93706095e-01
