Method,mean_MSE
EDMD,1.00000000e+03
SINDy,4.03316709e-04
HANDI,1.07839059e-05
PSE,9.55211412e-04
gEDMD,1.00000000e+03
wSINDy,3.61417072e-04
SR3,1.85723676e-04
