EDMD,SINDy,HANDI,PSE,gEDMD,wSINDy,SR3
1.00000000e+03,3.42309181e-04,9.39799875e-06,1.90414745e-03,1.00000000e+03,6.60766514e-04,3.37792973e-04
1.00000000e+03,4.64324237e-04,1.21698131e-05,6.27536948e-06,1.00000000e+03,6.20676292e-05,3.36543783e-05
