{
  "K": 1000,
  "threshold": 0.006877913235074187,
  "nu": 1.906102064660597e-05,
  "max_iter": 300,
  "rollout_mse": 0.09622489787268104,
  "coeff_nrmse": 0.026452393936913794
}