Method,NRMSE
EDMD,2.96434440e-01
SINDy,1.65933710e-01
HANDI,3.17539820e-03
PSE,6.28539361e-02
gEDMD,2.05308154e-01
wSINDy,1.92342534e-03
SR3,1.71609882e-01
