{
  "K": 300,
  "threshold": 0.02081067282549068,
  "nu": 0.09060824991419052,
  "max_iter": 300,
  "rollout_mse": 0.8750625954638603,
  "coeff_nrmse": 1136260568129.6033
}