{
  "K": 800,
  "threshold": 0.00029172661620380236,
  "nu": 0.00012881246721444399,
  "max_iter": 300,
  "rollout_mse": 0.4191177090090542,
  "coeff_nrmse": 9028332591668.086
}