{
  "K": 700,
  "threshold": 0.00011424884598347497,
  "nu": 5.842144858957663e-06,
  "max_iter": 300,
  "rollout_mse": 1.0489482646937816,
  "coeff_nrmse": 1003700385412.1227
}