{
  "K": 100,
  "threshold": 0.00013578337365191025,
  "nu": 2.627153397515963e-06,
  "max_iter": 300,
  "rollout_mse": 0.0032759998177921577,
  "coeff_nrmse": 67527004130496.04
}