{
  "K": 800,
  "threshold": 0.00017760789487281732,
  "nu": 0.00011294913114237893,
  "max_iter": 300,
  "rollout_mse": 1.9961252152700963,
  "coeff_nrmse": 0.11128761001026226
}