Method,alpha_True,alpha_Pred,alpha_Err%,beta_True,beta_Pred,beta_Err%
EDMD,2.1,59.7432,2744.91,-0.5,208.385,41777.0
gEDMD,2.1,-51.13703,2535.1,-0.5,441.35281,88370.56
HANDI,2.1,2.10172,0.08,-0.5,-0.49534,0.93
PSE,2.1,0.0,100.0,-0.5,0.0,100.0
Sindy,2.1,1.68343,19.84,-0.5,-0.40079,19.84
SR3,2.1,1.36485,35.01,-0.5,-0.32314,35.37
wsindy,2.1,2.38334,13.49,-0.5,-0.56746,13.49
