Method,NRMSE
SINDy,8.01435594e-01
HANDI,7.05065812e-03
PSE,2.86854866e-01
gEDMD,3.42090012e+00
SR3,8.11787813e-01
