Method,valid_rate
SINDy,1.00000000e+00
HANDI,1.00000000e+00
PSE,1.00000000e+00
gEDMD,8.70000000e-01
SR3,1.00000000e+00
