Method,MSE_Average
SINDy,7.52936712e-02
HANDI,1.34072203e-07
PSE,1.87117193e-02
gEDMD,1.12096425e-01
SR3,7.54078502e-02
