Method,MSE_Average
SINDy,3.97220349e-03
HANDI,3.27915863e-07
PSE,4.20719270e-03
gEDMD,8.92168231e-02
SR3,3.97052749e-03
