Method,r2_Average
SINDy,-1.94761688e-02
HANDI,9.99998185e-01
PSE,7.46643356e-01
gEDMD,-5.17785393e-01
SR3,-2.10221528e-02
