Method,NPPI_Average
SINDy,7.55091476e-01
HANDI,9.99999504e-01
PSE,9.36935420e-01
gEDMD,5.54912917e-01
SR3,7.54759951e-01
