Method,MSE_Average
SINDy,5.08812248e-02
HANDI,1.70346997e-07
PSE,1.60865099e-02
gEDMD,1.05555112e-01
SR3,5.08826622e-02
