Method,MSE_Average
SINDy,1.71213754e-02
HANDI,2.54913289e-07
PSE,9.94173528e-03
gEDMD,9.25703660e-02
SR3,1.71285516e-02
