{
  "K": 400,
  "threshold": 0.02400625816289308,
  "nu": 0.005337843085949915,
  "max_iter": 300,
  "rollout_mse": 1.0187954210292196,
  "coeff_nrmse": 1.2051358807700707
}